Category,Model,Vehicle Model,Suggested Blog Title,Focus Keyphrase,Slug,Status
Not Decided,M21,Any (Access Limited),Rent a car in Karachi,rent a car in karachi,rent-a-car-in-karachi,Done
Not Decided,M21,Any (Access Limited),"Rent a Car in Karachi: Chauffeur-Driven Services, Fleet Rates & Booking Guide",car rental karachi,car-rental-karachi,Done
Not Decided,M21,Any (Access Limited),"Top Rated Rent a Car KHI for Overseas Customers (Canada, USA, UK)",rent a car khi,rent-a-car-khi,Done
Not Decided,M21,Any (Access Limited),The Essential Car Rental Guide for International Traveler,rent a car in karachi pakistan,rent-a-car-in-karachi-pakistan,Done
Not Decided,M21,Any (Access Limited),Karachi Airport Pick and Drop Service [Airport Transfer],Airport pick and drop Karachi,airport-pick-and-drop-karachi,Done
Not Decided,M21,Any (Access Limited),7 Non-Negotiable Qualities of the Best Car Rental Company - Car Rental Tips Karachi,Car rental tips Karachi,car-rental-tips-karachi,Done
Not Decided,M21,Any (Access Limited),Everything You Need to Know About Rent a Car in Karachi,Luxury car rental Karachi,luxury-car-rental-karachi,Done
Not Decided,M21,Any (Access Limited),8 Major Advantages of a Monthly Car Rental in Karachi,monthly car rental,monthly-car-rental-karachi,Done
Not Decided,M21,Any (Access Limited),"Rent Audi in Karachi: Daily, Monthly & Wedding Rental Guide",Rent Audi in Karachi,rent-audi-in-karachi,Done
Not Decided,M21,Any (Access Limited),"Rent a car in Karachi: Premier Choice to Rent Land Cruiser V8, LC200 & LC300",Rent V8 in Karachi,rent-v8-in-karachi,Done
Not Decided,M21,Any (Access Limited),Rent a Mercedes in Karachi: Premium Chauffeur-Driven Luxury Sedans,Rent Mercedes In Karachi,rent-mercedes-in-karachi,Done
Not Decided,M21,Any (Access Limited),"Rent a Honda Civic with Rent a Car in Karachi: Rates, Services, and Instant Booking - Honda Civic Rent Karachi",Honda Civic Rent Karachi,honda-civic-rent-karachi,Done
Not Decided,M21,Any (Access Limited),Premium Wedding Car Rental Karachi Services for Your Special Day,wedding car rental karachi,wedding-car-rental-karachi,Done
Not Decided,M21,Any (Access Limited),Executive Prado Rental in Karachi for Corporate Travel,prado rental in karachi,prado-rental-in-karachi,Done
Not Decided,M21,Any (Access Limited),Premium Karachi Airport Car Rental Services,Karachi Airport Car Rental,karachi-airport-car-rental,Done
Not Decided,M21,Any (Access Limited),VIP Protocol Rental Karachi for Executive In-City Travel,VIP protocol rental Karachi,vip-protocol-rental-karachi,Done
Not Decided,M21,Any (Access Limited),Event Car Rental Karachi: Premier Luxury Fleets for Galas and Red Carpets,Event Car Rental Karachi,event-car-rental-karachi,Done
Not Decided,M21,Any (Access Limited),Comprehensive Guide to Booking a Karachi VIP City Tour,Karachi VIP City Tour,karachi-vip-city-tour,Done
Not Decided,M21,Any (Access Limited),High-End Family Gathering Rentals: Ensuring Comfort and Elegance for Special Occasions in Karachi,Luxury Family Transport,luxury-family-transport,Done
Not Decided,M21,Any (Access Limited),Elevate Your Journey With Premium VIP Car Rental Karachi Services,VIP Car Rental Karachi,vip-car-rental-karachi,Done
Not Decided,M21,Any (Access Limited),Executive Car Rental Solutions for Seamless In-City Business Travel,Executive Car Rental,executive-car-rental,Done
Not Decided,M21,Any (Access Limited),Ultimate Guide to Secure Inter-Hotel and VIP Event Transit Across DHA and Clifton,VIP Car Rental Karachi,vip-car-rental-karachi-2,Done
Not Decided,M21,Any (Access Limited),Rent Prado VIP Escort Service for Foreign Delegations in Karachi,prado vip rental,prado-vip-rental,Done
Not Decided,M21,Any (Access Limited),Premium Seaview Luxury Car Rental for VIP Drives in DHA Karachi,seaview luxury car rental,seaview-luxury-car-rental,Done
Not Decided,M21,Any (Access Limited),Executive Hotel Transfer Car Rental Solutions in Karachi,hotel transfer car rental,hotel-transfer-car-rental,Done
Not Decided,M21,Any (Access Limited),Luxury Anniversary Car Rental in Karachi:,anniversary car rental,anniversary-car-rental-karachi,Done
Not Decided,M21,Any (Access Limited),Elevate Your Shopping Experience with Executive Car Hire Karachi,Executive Car Hire Karachi,executive-car-hire-karachi,Done